{"cameraMode":{"drawMode":0,"name":"Shaded","section":"Shading Mode"},"sceneLighting":true,"audioPlay":false,"sceneViewState":{"showFog":true,"showMaterialUpdate":false,"showSkybox":true,"showFlares":true,"showImageEffects":true,"showParticleSystems":true},"in2DMode":false,"pivot":{"x":0.02019898220896721,"y":0.9728208780288696,"z":0.7663151025772095},"rotation":{"x":0.13192519545555116,"y":0.005956373177468777,"z":-0.0007287462940439582,"w":0.9912693500518799},"size":1.0420291423797608,"orthographic":false}