{"cameraMode":{"drawMode":0,"name":"Shaded","section":"Shading Mode"},"sceneLighting":true,"audioPlay":false,"sceneViewState":{"showFog":true,"showMaterialUpdate":false,"showSkybox":true,"showFlares":true,"showImageEffects":true,"showParticleSystems":true},"in2DMode":false,"pivot":{"x":-0.046514853835105899,"y":1.1526565551757813,"z":0.15181821584701539},"rotation":{"x":0.1279776394367218,"y":0.6648157835006714,"z":-0.11704876273870468,"w":0.7266283631324768},"size":0.643301248550415,"orthographic":false}