{"cameraMode":{"drawMode":0,"name":"Shaded","section":"Shading Mode"},"sceneLighting":true,"audioPlay":false,"sceneViewState":{"showFog":true,"showMaterialUpdate":false,"showSkybox":true,"showFlares":true,"showImageEffects":true,"showParticleSystems":true},"in2DMode":false,"pivot":{"x":-1.1433024406433106,"y":1.5014022588729859,"z":-1.1743125915527344},"rotation":{"x":0.08898629993200302,"y":0.48823198676109316,"z":-0.05012606829404831,"w":0.8667368292808533},"size":0.11725783348083496,"orthographic":false}