{"cameraMode":{"drawMode":0,"name":"Shaded","section":"Shading Mode"},"sceneLighting":true,"audioPlay":false,"sceneViewState":{"showFog":true,"showMaterialUpdate":false,"showSkybox":true,"showFlares":true,"showImageEffects":true,"showParticleSystems":true},"in2DMode":false,"pivot":{"x":-0.07687527686357498,"y":1.4389375448226929,"z":-1.2374989986419678},"rotation":{"x":0.30011409521102908,"y":-0.004298745188862085,"z":0.0013445083750411869,"w":0.9539109468460083},"size":0.06950497627258301,"orthographic":false}